{
  "name": "vanilla_sl_laplace_seed42",
  "dataset": "fashionmnist",
  "config": {
    "mode": "vanilla_sl",
    "num_clients": 5,
    "rounds": 25,
    "local_epochs": 1,
    "batch_size": 64,
    "lr": 0.05,
    "momentum": 0.9,
    "grad_clip": 1.0,
    "seed": 42,
    "device": "cpu",
    "dp_mechanism": "laplace",
    "sigma_init": 0.5,
    "sensitivity": 1.0,
    "dp_clip": false,
    "sigma_decay": 0.95,
    "target_accuracy": 80.0,
    "sigma_floor": 0.0,
    "split_points": [
      2,
      5,
      6,
      9,
      10
    ],
    "fixed_split_layer": 6,
    "iid": true,
    "dirichlet_alpha": 0.5,
    "log_every": 5,
    "record_per_client": true,
    "data_subset": 30000
  },
  "alphas": [
    0.1,
    0.3,
    0.5,
    0.7,
    0.9
  ],
  "final_accuracy": 86.35,
  "rounds_run": 25,
  "train_seconds": 903.7111148834229,
  "epsilon_total": 50.0,
  "delta": 0.0,
  "decoder_metrics": {
    "mse": 0.020863253623247147,
    "psnr": 16.806179624274325,
    "ssim": 0.8778270483016968,
    "fsim": 0.7926576733589172,
    "lpips": NaN,
    "nn_id_acc": 0.6328125
  },
  "optimization_metrics": {
    "mse": 0.029933350160717964,
    "psnr": 15.238446739085417,
    "ssim": 0.8806471228599548,
    "fsim": 0.803359866142273,
    "lpips": NaN,
    "nn_id_acc": 0.9765625
  },
  "mia": {
    "auc": 0.5056190490722656,
    "balanced_acc": 0.5009765625,
    "tpr_at_fpr_0.1": 0.115234375
  },
  "clean_accuracy": 86.35,
  "backdoor_asr": 0.8,
  "eval_split_layer": 5
}