{
  "name": "p3sl_laplace_low_seed1",
  "dataset": "fashionmnist",
  "config": {
    "mode": "p3sl",
    "num_clients": 5,
    "rounds": 25,
    "local_epochs": 1,
    "batch_size": 64,
    "lr": 0.05,
    "momentum": 0.9,
    "grad_clip": 1.0,
    "seed": 1,
    "device": "cpu",
    "dp_mechanism": "laplace",
    "sigma_init": 0.3,
    "sensitivity": 1.0,
    "dp_clip": false,
    "sigma_decay": 0.97,
    "target_accuracy": 80.0,
    "sigma_floor": 0.0,
    "split_points": [
      2,
      5,
      6,
      9,
      10
    ],
    "fixed_split_layer": 6,
    "iid": true,
    "dirichlet_alpha": 0.5,
    "log_every": 5,
    "record_per_client": true,
    "data_subset": 30000
  },
  "alphas": [
    0.1,
    0.3,
    0.5,
    0.7,
    0.9
  ],
  "final_accuracy": 86.49,
  "rounds_run": 25,
  "train_seconds": 949.1292989253998,
  "epsilon_total": 83.33333333333334,
  "delta": 0.0,
  "decoder_metrics": {
    "mse": 0.02172158844769001,
    "psnr": 16.6310841900758,
    "ssim": 0.8717305660247803,
    "fsim": 0.7797151803970337,
    "lpips": NaN,
    "nn_id_acc": 0.609375
  },
  "optimization_metrics": {
    "mse": 0.030014218762516975,
    "psnr": 15.226729563741921,
    "ssim": 0.8802682161331177,
    "fsim": 0.7961404919624329,
    "lpips": NaN,
    "nn_id_acc": 0.96875
  },
  "mia": {
    "auc": 0.5054054260253906,
    "balanced_acc": 0.4912109375,
    "tpr_at_fpr_0.1": 0.126953125
  },
  "clean_accuracy": 86.49,
  "backdoor_asr": 1.288888888888889,
  "eval_split_layer": 5
}